pga_g,pga_growth,p_wave_sec,depth_km,distance_km,stations,noise_level,warning
0.3954,0.1443,5.38,9.1,107.64,47,0.179,0
0.1123,0.3822,2.3,56.0,12.76,73,0.046,0
0.2757,0.5684,7.61,58.56,79.94,29,0.024,0
0.1817,0.1148,2.81,81.98,36.96,75,0.176,0
0.2336,0.0967,5.84,57.31,124.18,64,0.207,0
0.7068,0.4133,2.75,79.85,140.1,32,0.034,1
0.3673,0.4507,3.08,45.99,122.18,10,0.044,0
0.1909,0.4452,0.79,67.49,153.15,74,0.239,0
0.9838,0.3127,3.13,50.67,159.58,9,0.254,1
0.8003,0.064,5.76,65.42,198.63,58,0.093,0
0.4691,0.6051,0.67,47.25,34.44,15,0.153,0
0.8887,0.3641,7.38,50.66,34.11,52,0.169,1
1.0612,0.7392,6.98,29.29,83.64,46,0.208,1
0.1088,0.1447,5.44,3.18,166.39,24,0.086,0
0.0149,0.3829,3.27,57.5,190.67,66,0.286,0
0.5534,0.7852,7.64,68.7,112.3,51,0.126,1
0.1332,0.5745,0.97,8.6,42.54,21,0.042,0
0.6845,0.4876,7.62,62.15,14.99,27,0.188,1
0.1868,0.2345,3.11,37.69,25.45,63,0.298,0
0.1122,0.1009,3.07,27.95,165.94,21,0.16,0
0.2542,0.8573,3.21,69.63,182.92,68,0.096,0
1.0161,0.4714,7.31,36.86,45.34,70,0.236,1
0.4023,0.2085,6.59,98.52,170.67,31,0.247,0
0.626,0.3265,0.72,4.74,56.6,34,0.066,0
0.7301,0.3164,6.56,72.87,70.55,47,0.033,1
0.4119,0.4396,7.89,61.81,1.38,45,0.242,1
0.1109,0.5979,7.32,78.67,150.28,62,0.268,0
0.1132,0.8521,5.91,47.39,148.93,11,0.22,0
0.2123,0.1231,1.63,90.68,161.49,19,0.187,0
1.1256,0.1488,4.61,4.1,160.07,14,0.163,1
1.121,0.3961,7.04,82.96,43.0,33,0.072,1
0.3979,0.4945,6.76,7.97,148.24,59,0.202,1
0.9799,0.4699,6.7,88.06,27.02,20,0.162,1
0.2279,0.0135,6.49,18.89,95.23,16,0.171,0
0.3979,0.4713,4.67,78.86,22.12,72,0.026,1
0.1263,0.4124,0.71,89.61,13.61,42,0.188,0
0.6116,0.4658,5.7,46.33,107.12,62,0.157,1
1.0524,0.8358,7.42,89.49,41.32,58,0.05,1
0.1547,0.4035,1.04,25.58,15.55,39,0.237,0
0.8622,0.5976,1.57,88.52,193.54,29,0.227,1
0.122,0.7976,1.72,67.45,45.52,56,0.298,0
0.4344,0.0921,3.24,35.12,92.28,3,0.121,0
0.6257,0.273,7.71,13.06,183.79,30,0.292,1
0.0571,0.7033,2.53,14.7,85.03,34,0.128,0
0.6486,0.4682,4.21,34.05,56.53,24,0.133,1
0.765,0.7234,1.13,85.91,14.26,16,0.142,1
0.4136,0.5022,7.45,28.25,26.72,68,0.216,1
0.3217,0.1712,7.49,63.61,106.69,27,0.094,0
0.6051,0.1683,3.1,3.78,50.84,2,0.015,0
0.6219,0.2287,3.85,66.52,130.37,64,0.168,0
1.0676,0.8736,2.81,23.09,46.68,26,0.251,1
0.4916,0.3193,0.91,14.72,15.07,33,0.135,0
0.0759,0.6021,3.36,51.58,194.22,77,0.08,0
0.1975,0.4068,2.47,96.26,194.55,71,0.104,0
0.051,0.7953,2.13,19.93,67.73,11,0.148,0
0.6106,0.0144,2.48,10.8,80.5,6,0.124,0
0.3666,0.5704,1.13,95.85,170.8,20,0.201,0
0.4735,0.3003,7.89,16.65,145.11,19,0.023,0
1.004,0.8038,5.2,73.92,162.63,18,0.274,1
0.9774,0.0243,5.65,80.2,142.53,30,0.035,0
0.0598,0.577,7.7,38.91,90.83,7,0.192,0
0.5923,0.0129,6.48,75.33,101.09,69,0.037,0
0.6359,0.6737,4.05,81.3,169.38,31,0.222,1
1.1711,0.4496,3.37,48.94,137.06,6,0.189,1
0.7749,0.0789,1.61,26.89,148.9,39,0.19,0
0.5881,0.8755,1.25,23.33,98.43,67,0.093,1
0.5644,0.6928,7.95,55.81,63.02,11,0.282,1
0.9857,0.8716,3.87,28.33,42.76,27,0.032,1
0.1175,0.6753,2.46,37.24,121.07,66,0.091,0
0.6025,0.7898,3.46,17.59,190.04,58,0.128,1
0.8753,0.3804,3.32,13.85,66.93,42,0.228,1
1.1124,0.6446,7.26,30.4,75.07,51,0.123,1
1.0453,0.078,7.44,76.05,171.0,36,0.039,1
1.1234,0.2319,2.49,52.07,38.78,48,0.238,1
0.519,0.0358,6.21,41.2,175.27,71,0.169,0
0.8815,0.4113,6.15,65.16,57.96,7,0.274,1
0.6646,0.162,3.61,29.61,51.89,34,0.128,1
0.806,0.1166,5.32,9.37,100.62,64,0.17,1
0.5491,0.3062,6.19,43.89,110.01,32,0.036,0
0.2946,0.2399,4.77,88.95,150.18,53,0.121,0
0.8976,0.1969,2.53,75.71,100.13,74,0.291,1
0.7593,0.7779,2.12,28.56,50.44,52,0.197,1
0.5239,0.2877,6.61,96.87,26.32,55,0.216,1
0.7087,0.0102,3.44,92.83,165.29,60,0.292,0
0.3057,0.1071,1.66,53.19,136.73,59,0.035,0
0.1595,0.5168,0.78,72.07,192.52,33,0.163,0
0.5305,0.6898,1.25,31.43,188.76,25,0.123,0
0.0224,0.2784,3.96,95.98,129.27,32,0.148,0
0.2894,0.2299,7.7,71.06,62.17,3,0.066,0
0.1065,0.2128,3.68,38.28,99.1,44,0.218,0
0.4412,0.3628,0.55,30.63,169.18,9,0.07,0
0.9858,0.2154,2.16,76.53,59.69,80,0.154,1
0.2329,0.2088,3.63,67.2,189.8,19,0.277,0
0.7194,0.3797,5.82,20.04,90.48,41,0.222,1
1.1971,0.8391,2.97,20.18,187.24,60,0.019,1
0.4549,0.3052,1.77,2.28,56.68,45,0.132,0
1.0634,0.5094,6.19,39.25,153.98,40,0.248,1
0.5734,0.3417,7.4,20.92,73.49,61,0.019,1
0.4989,0.7325,6.25,5.98,7.94,9,0.243,1
0.0848,0.549,3.22,34.83,190.8,6,0.086,0
0.8628,0.2917,2.57,2.37,151.37,9,0.017,1
1.1486,0.859,3.4,26.6,86.56,64,0.048,1
0.6009,0.0177,7.48,31.72,138.73,20,0.186,0
0.4406,0.7062,1.09,21.34,150.82,32,0.128,1
0.783,0.4387,4.58,17.75,85.88,14,0.296,1
0.1247,0.4536,5.82,45.8,47.61,54,0.144,0
1.0706,0.2191,4.54,77.84,152.15,38,0.095,1
0.8883,0.1873,2.36,26.04,31.51,75,0.065,1
0.0871,0.234,2.34,53.58,130.28,13,0.199,0
0.575,0.739,6.8,91.61,9.03,38,0.078,1
0.07,0.5444,6.71,21.03,15.95,66,0.261,0
0.9356,0.8517,1.29,60.42,124.37,28,0.021,1
0.4146,0.0493,8.0,5.75,146.71,27,0.246,0
0.4525,0.5627,1.08,5.08,99.63,62,0.028,0
0.1307,0.3618,4.63,64.64,19.14,21,0.125,0
0.8047,0.3819,0.89,75.04,176.86,54,0.131,1
1.0385,0.897,3.23,21.33,145.88,27,0.283,1
0.1451,0.0905,4.83,37.74,154.84,17,0.014,0
0.6663,0.5802,7.32,10.73,124.82,48,0.224,1
0.2026,0.1629,1.0,39.61,150.96,26,0.097,0
1.0064,0.0487,7.35,32.82,121.92,50,0.035,1
1.0705,0.5799,6.92,62.86,123.33,26,0.25,1
0.2277,0.2041,3.5,52.75,77.33,16,0.053,0
0.2392,0.7966,6.82,67.88,133.91,42,0.044,0
0.7234,0.4995,5.2,32.01,84.59,75,0.082,1
0.6093,0.1691,0.53,98.64,93.59,58,0.231,0
0.9382,0.4179,1.85,48.38,22.31,17,0.114,1
0.6102,0.5948,0.8,14.77,184.5,41,0.236,1
0.6187,0.0583,4.28,39.03,190.22,18,0.017,0
0.8341,0.1075,1.49,88.8,58.29,22,0.209,1
0.8681,0.2068,6.75,61.82,51.19,42,0.27,1
0.1809,0.457,7.4,22.42,53.31,65,0.079,1
0.453,0.1871,3.53,64.38,56.36,42,0.27,0
0.1469,0.4823,5.27,37.26,174.72,72,0.161,0
0.8296,0.8075,2.39,54.5,171.46,48,0.087,1
0.4387,0.6905,3.82,19.32,148.98,7,0.096,0
0.6242,0.286,7.74,87.29,185.76,41,0.223,0
0.3563,0.5668,3.63,37.68,10.51,63,0.076,1
0.7872,0.0298,0.52,36.79,22.17,46,0.165,0
0.1691,0.3359,6.71,17.55,3.81,32,0.215,0
0.5465,0.0667,1.59,67.22,54.68,34,0.29,0
1.0723,0.5393,4.84,60.98,104.0,64,0.082,1
1.0852,0.0492,4.49,41.79,48.3,8,0.274,1
0.7916,0.1856,3.6,52.79,128.9,54,0.246,1
0.2178,0.2854,2.75,6.75,177.98,62,0.217,0
0.8968,0.4241,6.06,46.34,45.96,14,0.086,1
0.7764,0.1197,7.18,92.67,188.63,34,0.216,0
0.5289,0.7117,4.42,28.0,128.76,28,0.035,1
0.6138,0.1611,7.29,84.49,41.35,21,0.226,0
0.401,0.2229,7.31,63.81,138.88,69,0.146,1
1.0093,0.6309,6.93,44.85,145.2,74,0.267,1
0.7065,0.513,1.79,5.23,23.27,80,0.279,1
0.4204,0.1362,0.72,6.08,138.83,6,0.212,0
0.7127,0.3334,6.63,82.32,178.36,9,0.265,0
0.9094,0.643,3.38,26.16,41.43,5,0.02,1
0.7647,0.7443,5.24,30.16,20.88,13,0.24,1
0.7791,0.2721,3.02,27.59,70.83,37,0.024,1
0.9254,0.5458,4.07,30.19,149.39,53,0.019,1
0.6272,0.0975,4.02,6.72,113.65,12,0.177,0
0.633,0.2666,6.13,7.29,70.21,13,0.153,1
0.9582,0.1742,4.21,36.02,166.54,34,0.178,1
1.1266,0.2161,1.74,93.99,153.6,63,0.238,1
0.8396,0.7104,5.21,36.85,80.85,51,0.269,1
0.7786,0.341,2.77,43.95,109.44,22,0.12,1
1.0619,0.2179,3.96,54.09,151.14,78,0.197,1
0.1948,0.7604,5.47,74.71,34.74,57,0.21,1
0.3161,0.2156,3.01,64.98,139.62,65,0.066,0
1.014,0.1476,1.67,26.26,65.99,67,0.111,1
0.2911,0.8607,2.44,95.59,198.99,22,0.289,0
1.1808,0.7175,6.0,44.62,40.04,14,0.091,1
1.0634,0.4229,0.59,85.72,87.87,29,0.155,1
0.1788,0.5473,3.54,74.61,181.69,56,0.213,0
0.709,0.586,6.84,67.45,130.84,75,0.257,1
0.5501,0.2886,5.21,11.59,84.5,52,0.217,0
0.7592,0.2326,3.68,46.61,124.69,53,0.16,1
1.0744,0.302,0.58,83.52,181.73,14,0.021,0
0.6566,0.1531,6.36,94.18,104.32,13,0.256,0
0.5761,0.0243,6.44,38.25,69.23,59,0.071,1
0.8244,0.3593,6.22,13.99,196.91,46,0.195,1
0.0832,0.0769,7.37,63.6,135.3,75,0.087,0
0.2771,0.6699,7.55,53.65,44.56,51,0.144,1
0.092,0.7206,1.95,64.94,144.42,19,0.112,0
0.7702,0.7387,6.62,47.87,59.57,71,0.198,1
0.9425,0.2151,5.78,69.37,196.6,24,0.15,1
0.9685,0.721,3.18,66.13,64.74,63,0.134,1
0.4413,0.8366,6.91,7.59,165.75,42,0.237,1
0.1771,0.7499,5.25,3.47,3.28,10,0.2,0
0.1799,0.2179,6.32,35.95,31.38,52,0.24,0
0.2098,0.8031,5.06,78.57,134.02,71,0.239,1
0.8344,0.4824,6.06,44.98,176.65,72,0.044,1
0.5087,0.7461,4.05,56.61,97.39,19,0.213,1
0.7235,0.6638,1.7,33.43,139.48,64,0.203,1
1.0103,0.3437,3.64,96.14,16.0,47,0.194,1
0.8223,0.839,2.98,98.21,102.61,63,0.23,1
0.1819,0.1999,3.62,14.44,19.8,47,0.109,0
1.0957,0.2629,3.06,26.65,11.49,38,0.095,1
0.995,0.3693,4.28,28.63,101.78,27,0.2,1
0.3873,0.2763,4.9,64.21,157.06,6,0.126,0
0.6696,0.3714,4.81,41.05,22.59,6,0.065,1
0.793,0.7122,7.32,61.95,123.72,77,0.264,1
0.1088,0.0451,5.25,63.28,35.61,24,0.262,0
1.1173,0.0219,7.04,15.59,62.56,34,0.26,1
0.2299,0.0405,0.65,57.5,116.08,7,0.154,0
0.9308,0.3848,5.72,41.66,14.38,50,0.182,1
1.1918,0.5969,1.66,77.45,110.21,11,0.197,1
0.0285,0.0143,5.63,13.92,193.3,12,0.073,0
0.1544,0.4304,2.57,57.76,90.7,24,0.278,0
0.8369,0.1389,6.2,30.73,111.94,64,0.144,1
1.1195,0.2361,7.73,72.29,3.27,2,0.266,1
0.4728,0.2881,5.0,95.85,167.15,78,0.027,0
0.4474,0.5217,3.79,68.33,29.84,15,0.115,0
0.5074,0.3533,6.4,94.6,157.14,73,0.107,0
0.3431,0.5634,5.38,80.59,120.38,78,0.22,1
1.0008,0.5304,7.82,26.12,78.08,49,0.185,1
1.0764,0.7287,2.62,2.17,53.35,55,0.056,1
0.9419,0.2668,1.56,89.28,198.57,19,0.089,0
1.0229,0.7283,5.63,91.55,70.02,11,0.167,1
0.9474,0.6527,7.87,32.33,12.45,51,0.145,1
0.2558,0.2367,6.13,79.58,92.48,12,0.165,0
0.4838,0.4737,2.45,83.67,64.88,65,0.181,1
0.2351,0.1812,1.86,70.7,73.2,73,0.114,0
0.3031,0.8311,4.2,86.9,74.96,60,0.238,0
0.1958,0.5415,3.09,52.91,5.09,5,0.069,0
0.7082,0.2001,7.44,29.42,20.32,58,0.233,1
0.9844,0.8675,2.4,5.71,41.0,24,0.12,1
0.4499,0.638,4.15,84.87,179.07,77,0.196,1
1.1074,0.6387,1.17,33.23,47.41,12,0.287,1
0.5435,0.1522,7.74,99.19,45.12,5,0.283,0
1.13,0.0628,4.65,4.72,183.9,34,0.238,1
1.1827,0.0596,1.59,75.99,187.94,39,0.181,1
0.5351,0.5907,4.03,38.43,78.62,48,0.15,1
0.1803,0.6131,0.59,72.29,39.83,5,0.056,0
1.0011,0.0792,5.14,38.56,150.07,58,0.288,1
0.0359,0.0769,7.79,33.61,47.54,15,0.192,0
0.1799,0.2073,0.93,71.94,111.12,19,0.137,0
0.3036,0.0326,4.78,31.06,161.02,34,0.152,0
0.3885,0.8138,1.36,97.9,12.31,28,0.172,1
0.9083,0.8739,3.74,27.63,48.5,31,0.038,1
0.3544,0.8076,0.93,73.19,59.41,3,0.138,0
0.5372,0.7127,7.58,30.07,72.66,6,0.274,1
0.2697,0.5185,1.54,19.65,154.32,23,0.067,0
0.7342,0.451,2.55,22.19,122.87,25,0.179,1
0.2507,0.0685,6.0,42.0,144.61,8,0.16,0
0.7706,0.8516,1.18,42.13,152.83,18,0.263,1
0.3268,0.1756,6.74,37.98,33.53,48,0.177,0
1.1192,0.8722,1.04,36.96,49.7,42,0.236,1
1.043,0.5229,7.24,30.57,22.43,64,0.139,1
0.1699,0.2267,1.16,62.67,34.41,40,0.083,0
0.9824,0.0368,1.22,70.5,39.82,3,0.253,0
0.2937,0.4053,3.13,11.2,36.62,35,0.046,0
0.5974,0.4557,2.6,13.96,81.72,18,0.167,1
0.8058,0.4212,3.47,94.92,4.68,50,0.211,1
0.7205,0.5465,0.77,97.11,11.34,47,0.108,1
0.5283,0.8833,6.53,91.45,163.19,72,0.026,1
0.6257,0.8625,7.51,26.43,85.01,2,0.116,1
0.5253,0.4592,0.66,15.66,193.97,59,0.194,0
0.973,0.7971,7.13,5.37,128.67,35,0.276,1
0.9695,0.0418,1.25,13.93,3.72,31,0.286,1
0.3522,0.2818,5.36,13.8,119.26,66,0.271,0
1.119,0.4016,4.34,88.75,183.2,74,0.094,1
0.2996,0.0882,4.6,84.3,122.38,73,0.074,0
0.4465,0.8037,2.78,48.83,163.95,4,0.08,0
0.2737,0.4661,3.37,59.4,3.36,46,0.057,0
0.3973,0.2502,7.09,23.18,12.32,3,0.056,0
0.0895,0.7854,3.8,8.08,78.19,57,0.113,0
1.1873,0.6131,7.5,42.84,133.98,18,0.206,1
0.7434,0.7665,6.66,52.74,148.01,61,0.088,1
0.8472,0.3776,1.28,42.22,110.44,16,0.154,1
1.1557,0.519,3.63,78.8,174.68,78,0.042,1
0.3528,0.3238,3.15,53.56,119.49,42,0.012,0
0.8975,0.8909,3.36,31.4,107.84,19,0.136,1
0.9877,0.3038,7.77,61.59,49.29,42,0.069,1
0.5175,0.8204,0.58,6.65,113.42,64,0.097,1
0.7478,0.3991,6.69,73.26,86.58,60,0.114,1
0.7177,0.3225,7.61,68.29,105.52,13,0.129,0
1.1148,0.1473,1.91,43.28,80.93,80,0.271,1
0.709,0.6255,6.1,11.04,73.18,47,0.294,1
0.1415,0.8061,5.67,82.41,198.06,54,0.193,0
0.6336,0.7364,2.06,89.53,83.04,8,0.193,1
1.1926,0.5765,0.82,42.32,157.74,40,0.216,1
0.668,0.8262,3.48,11.65,4.07,4,0.067,1
0.3266,0.5857,4.49,99.72,115.32,53,0.185,0
0.183,0.4714,4.32,4.85,16.15,67,0.152,0
0.9624,0.5886,5.63,58.73,29.64,31,0.113,1
0.2116,0.2473,1.25,90.58,116.87,45,0.066,0
0.2719,0.3624,6.23,6.3,11.86,31,0.082,0
0.0623,0.8384,6.91,32.85,179.87,59,0.098,0
0.5997,0.8552,2.32,40.2,143.97,29,0.13,1
0.4843,0.6435,0.67,87.08,18.41,22,0.114,1
0.3559,0.5098,1.36,54.31,77.73,52,0.199,1
1.1539,0.3858,7.35,56.28,78.09,60,0.092,1
0.8005,0.3139,1.67,71.18,19.43,35,0.168,1
0.9471,0.5039,4.0,79.9,48.8,48,0.112,1
1.1505,0.1952,7.63,51.47,46.23,58,0.206,1
1.1311,0.8981,4.97,45.15,198.0,69,0.081,1
1.0481,0.1193,4.35,55.17,54.81,50,0.018,1
0.8647,0.1391,0.61,71.65,139.24,30,0.103,0
0.6788,0.3317,4.25,31.1,14.12,40,0.036,1
0.3534,0.737,3.49,36.88,169.03,60,0.235,1
0.1673,0.2561,0.72,68.6,133.06,45,0.27,0
0.0401,0.6364,3.97,99.99,80.7,13,0.063,0
0.8835,0.6442,0.8,5.92,33.24,26,0.23,1
0.1959,0.6671,4.64,63.69,188.37,73,0.253,0
0.3131,0.3971,5.63,36.21,1.19,37,0.271,0
1.0514,0.5308,5.72,97.46,136.53,5,0.24,1
0.9019,0.0867,5.71,40.58,149.76,29,0.092,1
0.117,0.8523,3.68,93.16,138.63,58,0.158,0
0.811,0.7634,6.34,49.97,38.67,72,0.086,1
0.6602,0.8728,5.28,55.31,50.69,8,0.059,1
0.7674,0.1321,5.65,49.67,97.07,31,0.012,1
0.8329,0.1285,5.31,70.41,27.55,19,0.18,1
0.1504,0.3879,7.56,68.35,31.8,60,0.253,0
0.4933,0.1936,5.68,3.21,97.84,6,0.027,0
0.8449,0.4087,1.35,33.8,94.26,47,0.094,1
0.6735,0.0506,4.01,98.02,97.62,43,0.294,0
0.5918,0.3965,1.92,55.22,2.65,12,0.197,1
0.757,0.8424,5.39,26.64,49.95,18,0.227,1
0.1827,0.3374,7.72,53.49,179.22,22,0.04,0
0.8654,0.2862,5.13,39.18,129.81,46,0.103,1
0.4494,0.7499,2.3,6.04,113.81,52,0.273,1
1.1345,0.45,4.25,17.43,60.61,75,0.192,1
0.1746,0.5767,3.51,97.95,170.28,62,0.065,0
0.8703,0.0125,6.81,85.82,157.6,55,0.052,1
0.8558,0.8027,0.97,2.86,191.25,23,0.272,1
0.2057,0.2732,3.82,57.21,70.27,26,0.146,0
0.5198,0.4859,5.19,17.13,80.87,78,0.19,1
0.9753,0.0634,5.57,61.7,60.11,74,0.132,1
0.1729,0.7801,4.48,64.11,169.77,29,0.207,0
0.5423,0.0858,5.45,38.46,116.57,54,0.114,0
0.3207,0.2122,7.76,21.88,150.22,29,0.26,0
0.3117,0.0945,4.48,26.65,98.37,71,0.143,0
0.8853,0.8192,4.75,85.45,136.22,57,0.049,1
0.6087,0.4614,6.79,94.91,125.69,66,0.04,1
0.2138,0.8644,4.72,77.95,28.22,80,0.027,1
0.2919,0.3414,0.61,60.24,43.41,39,0.045,0
0.1144,0.8899,2.01,13.24,145.91,46,0.059,0
0.8971,0.3138,6.23,68.69,165.3,16,0.079,1
0.4348,0.4452,6.62,36.64,71.79,42,0.243,1
0.1444,0.8336,5.56,26.95,39.44,58,0.016,1
0.9515,0.4444,1.05,27.33,30.9,38,0.263,1
0.8068,0.7542,4.91,26.53,199.46,35,0.285,1
0.1896,0.4566,7.05,80.44,8.06,24,0.19,0
0.7772,0.544,6.82,96.82,138.89,58,0.124,1
0.1003,0.3031,2.12,89.61,118.26,6,0.071,0
0.9848,0.6572,2.99,47.9,187.55,41,0.012,1
0.0344,0.4189,7.9,6.45,30.02,19,0.089,0
0.3353,0.455,2.47,57.76,106.1,18,0.298,0
0.9274,0.7864,6.31,64.04,127.29,47,0.24,1
0.9537,0.2219,6.48,15.83,15.33,44,0.224,1
0.427,0.5002,3.54,7.92,68.11,42,0.266,1
0.9413,0.4583,7.21,81.3,199.33,20,0.049,1
0.5492,0.4065,4.77,31.64,34.61,9,0.052,1
0.8666,0.2344,4.79,66.57,193.2,10,0.277,0
0.2227,0.5266,7.91,36.98,155.11,55,0.219,0
1.1071,0.7563,2.89,19.17,179.65,70,0.017,1
0.8482,0.2043,3.5,21.63,120.98,65,0.198,1
0.2441,0.6632,7.72,60.9,16.78,74,0.109,1
0.649,0.7891,5.3,92.44,43.23,42,0.262,1
0.0422,0.4428,5.07,80.44,35.73,54,0.241,0
0.9334,0.8892,3.5,94.14,174.79,4,0.278,1
0.6813,0.8889,0.92,62.17,145.1,43,0.055,1
0.6401,0.7581,3.18,37.45,69.48,76,0.261,1
0.1926,0.8834,4.81,24.54,124.12,62,0.231,1
0.9294,0.8799,3.9,29.27,105.14,36,0.048,1
0.0208,0.4334,5.42,77.87,73.14,30,0.126,0
0.7533,0.1188,4.57,22.08,155.7,34,0.283,0
0.4451,0.1429,1.83,74.3,184.37,21,0.163,0
0.5355,0.7753,2.1,91.41,180.3,50,0.143,1
0.3954,0.8141,1.31,73.87,14.02,52,0.206,1
0.4574,0.8172,3.32,66.39,172.21,4,0.083,0
0.3222,0.3961,2.24,21.91,152.07,36,0.097,0
0.6877,0.1495,6.97,87.19,54.19,18,0.249,1
0.3463,0.3051,4.14,89.32,33.16,79,0.183,0
1.0606,0.1967,7.13,37.32,156.18,57,0.063,1
1.0381,0.8954,2.73,4.39,23.2,2,0.049,1
0.4285,0.6787,3.98,40.92,83.43,51,0.266,1
1.1758,0.0393,2.26,79.63,138.2,5,0.049,1
0.8411,0.6584,0.86,89.61,13.85,15,0.045,1
0.59,0.1309,3.71,19.54,137.39,19,0.194,0
0.6406,0.7572,7.68,9.58,194.13,29,0.222,1
0.3348,0.1677,2.48,8.75,9.6,66,0.024,0
0.328,0.2999,0.81,46.47,57.15,43,0.21,0
1.179,0.7879,5.88,41.13,64.33,54,0.121,1
1.0592,0.7253,7.24,64.23,48.58,65,0.279,1
0.3131,0.5537,3.33,25.59,40.49,15,0.035,0
0.8625,0.3712,4.69,69.12,89.04,41,0.142,1
0.6975,0.4314,5.35,48.12,69.13,70,0.298,1
0.8945,0.3472,5.84,40.57,105.73,79,0.201,1
0.9932,0.0741,6.48,67.1,184.87,34,0.086,1
0.4239,0.5346,4.78,99.94,14.1,68,0.116,1
0.2538,0.1605,3.24,68.02,31.34,59,0.062,0
0.786,0.8204,2.91,37.45,172.86,55,0.046,1
0.1931,0.2338,1.27,36.95,160.84,67,0.098,0
0.3557,0.4071,1.34,64.19,146.41,23,0.23,0
0.1884,0.6154,3.25,53.03,48.29,48,0.162,0
0.6719,0.0107,2.45,59.88,62.0,70,0.09,0
0.3956,0.2252,6.76,10.95,127.59,12,0.068,0
0.7453,0.3407,0.83,45.37,74.07,38,0.291,1
0.5229,0.5506,2.43,25.39,170.09,17,0.278,0
0.8572,0.3414,5.49,34.29,15.09,58,0.12,1
0.6357,0.452,7.26,76.19,6.09,76,0.173,1
0.529,0.8955,1.82,8.38,80.13,18,0.158,1
0.9914,0.6066,6.05,41.36,9.08,38,0.171,1
0.1506,0.2064,1.08,82.11,21.24,12,0.256,0
0.2666,0.4143,6.68,21.58,67.78,8,0.17,0
0.1769,0.3722,0.88,63.4,64.78,25,0.16,0
0.0172,0.8899,2.56,27.71,63.3,33,0.203,0
1.0641,0.6161,2.8,26.36,76.67,56,0.258,1
0.3159,0.1898,0.89,54.61,75.39,60,0.2,0
1.1172,0.3142,3.92,71.28,133.11,41,0.012,1
0.0905,0.8568,6.68,5.46,44.72,57,0.095,1
0.7146,0.4146,7.51,45.6,175.73,8,0.062,0
1.0312,0.1208,1.53,88.23,163.04,64,0.062,1
0.9628,0.4534,5.55,68.15,59.68,28,0.165,1
0.1992,0.702,5.86,52.59,93.67,26,0.237,0
0.7941,0.2393,7.29,69.22,31.81,8,0.278,1
0.1687,0.1525,3.85,76.3,175.07,41,0.215,0
0.3171,0.4984,2.11,94.66,133.41,30,0.124,0
0.0492,0.3482,5.31,23.89,109.6,12,0.067,0
0.4065,0.3672,0.79,36.48,131.84,27,0.299,0
1.1279,0.4784,2.68,36.1,150.32,64,0.268,1
0.3432,0.2796,4.88,76.11,41.06,61,0.089,0
1.0727,0.7624,2.2,92.61,7.45,77,0.039,1
0.1911,0.277,1.79,36.32,96.73,43,0.225,0
0.2228,0.7111,2.74,8.8,112.28,13,0.227,0
0.478,0.0419,0.8,58.77,83.19,17,0.13,0
1.0063,0.0778,5.96,73.96,72.53,12,0.106,1
0.5815,0.1426,1.21,88.15,24.3,64,0.088,0
0.6538,0.2986,2.34,57.7,9.37,33,0.116,1
0.2521,0.1231,2.3,87.41,100.86,13,0.014,0
1.1325,0.4447,6.43,57.9,138.1,30,0.035,1
1.1978,0.3874,5.18,12.74,114.39,16,0.034,1
0.6984,0.2182,4.96,78.83,142.45,8,0.248,0
0.1267,0.2013,6.3,19.12,61.42,11,0.245,0
0.5595,0.8296,0.58,94.15,82.98,53,0.019,1
0.6186,0.1588,6.48,77.48,41.54,29,0.209,0
0.8532,0.0695,0.52,88.31,8.51,68,0.236,1
0.7673,0.1871,5.19,84.88,157.54,12,0.199,0
1.1659,0.5287,6.53,50.27,154.64,64,0.049,1
1.0867,0.673,6.74,80.61,118.49,56,0.122,1
0.7713,0.8445,4.35,75.31,119.13,15,0.03,1
0.9034,0.7643,2.3,59.59,112.76,64,0.177,1
1.1206,0.8017,0.88,67.03,79.57,44,0.249,1
0.7864,0.7543,3.05,60.3,167.42,40,0.011,1
0.592,0.0246,1.33,81.61,84.31,78,0.097,0
0.1089,0.3605,3.99,5.19,67.83,35,0.064,0
1.0686,0.3726,4.54,25.69,44.05,6,0.119,1
0.4059,0.1443,1.76,36.45,163.35,51,0.099,0
0.389,0.7898,6.43,61.45,171.49,21,0.123,1
0.1335,0.2288,4.74,66.4,147.58,13,0.296,0
0.8841,0.6803,5.5,15.23,150.91,33,0.203,1
0.5385,0.8625,3.21,66.79,126.75,49,0.282,1
0.9723,0.0631,5.41,50.35,138.62,3,0.027,1
0.6733,0.4085,6.13,89.33,146.04,59,0.02,1
0.397,0.1319,7.65,89.36,29.76,76,0.276,0
0.2166,0.5347,7.87,63.47,49.11,70,0.017,1
0.6624,0.3727,1.13,95.1,128.25,64,0.289,0
0.3402,0.1541,4.81,82.94,158.94,45,0.269,0
0.2489,0.7286,0.96,32.18,104.58,40,0.273,0
0.9347,0.3305,5.7,28.69,178.36,61,0.067,1
0.3919,0.4001,1.31,27.5,79.4,50,0.24,0
1.1117,0.5642,4.26,42.01,32.81,41,0.023,1
0.3419,0.4868,5.46,85.11,82.93,10,0.09,0
0.6399,0.2667,5.23,27.45,154.5,6,0.164,1
0.8407,0.282,5.02,37.26,196.12,9,0.264,1
0.9957,0.7526,5.84,93.14,34.02,23,0.291,1
0.7644,0.6259,6.31,40.66,188.13,44,0.126,1
1.0394,0.6438,1.58,74.09,83.31,37,0.049,1
0.4131,0.0687,3.6,51.21,170.53,31,0.178,0
0.3358,0.7619,6.41,84.16,31.08,31,0.155,1
1.079,0.8099,6.07,82.46,130.12,37,0.048,1
0.7387,0.2548,1.0,61.13,165.03,35,0.186,0
1.0856,0.2852,3.2,57.76,177.78,11,0.114,1
1.0079,0.2994,0.53,63.67,28.61,36,0.156,1
1.173,0.5353,4.97,5.16,108.03,60,0.042,1
0.4147,0.3046,4.76,23.35,158.9,27,0.092,0
1.1689,0.524,5.85,23.85,35.43,65,0.088,1
0.3357,0.0897,1.34,40.25,190.95,53,0.076,0
1.0425,0.8962,6.53,96.21,66.56,33,0.031,1
0.5502,0.6176,5.81,46.56,68.99,25,0.042,1
0.207,0.686,1.07,89.95,4.29,26,0.239,0
0.2494,0.6824,6.78,31.03,157.44,3,0.277,0
0.8698,0.6504,0.97,22.15,3.59,69,0.086,1
0.7624,0.8924,2.79,6.34,35.86,46,0.132,1
0.045,0.6447,6.3,35.61,171.77,47,0.235,0
1.0949,0.7173,4.07,82.55,26.53,14,0.163,1
0.309,0.3561,3.15,66.32,187.57,25,0.216,0
0.5297,0.6618,3.38,81.56,168.43,18,0.05,0
0.1422,0.6578,4.48,4.71,162.83,12,0.144,0
0.6457,0.0732,2.93,63.21,177.18,63,0.233,0
1.0858,0.0165,2.03,36.75,176.24,13,0.181,1
0.5531,0.5311,5.27,71.28,88.49,9,0.175,1
0.8658,0.7769,1.77,65.89,172.52,31,0.218,1
0.731,0.1154,4.23,39.41,140.25,30,0.011,0
0.6836,0.6733,2.18,74.37,129.91,32,0.037,1
0.0553,0.0533,2.3,93.21,44.7,6,0.28,0
0.77,0.8282,2.47,17.03,4.63,14,0.23,1
0.1805,0.4809,5.12,33.68,102.45,49,0.276,0
0.0127,0.7678,4.67,82.49,100.99,80,0.188,0
0.8501,0.5987,5.11,46.79,134.47,72,0.226,1
0.0386,0.7484,6.59,46.88,25.31,27,0.205,0
0.1128,0.4725,5.58,10.61,48.55,13,0.036,0
0.3361,0.2852,2.72,50.43,115.67,43,0.233,0
0.1453,0.6263,4.99,52.97,91.67,53,0.278,0
0.6937,0.1976,6.19,75.7,16.88,3,0.253,1
0.8202,0.7665,3.73,88.06,36.78,38,0.138,1
0.8507,0.2349,2.75,36.15,65.56,13,0.057,1
0.7905,0.4312,5.17,75.82,150.34,42,0.09,1
0.3072,0.3771,0.66,24.62,177.37,43,0.011,0
0.4177,0.0806,1.71,5.47,170.43,55,0.192,0
0.4469,0.4882,7.74,17.79,106.65,69,0.081,1
0.6274,0.701,5.24,65.48,44.39,2,0.217,1
0.5234,0.1153,7.61,61.84,123.24,22,0.21,0
0.3057,0.2388,0.71,69.73,42.63,34,0.189,0
0.7906,0.669,1.57,8.8,14.52,51,0.098,1
0.0273,0.3317,1.57,13.06,99.24,66,0.209,0
0.3354,0.6948,1.83,11.81,61.33,53,0.212,1
1.0549,0.7766,3.95,33.62,42.0,50,0.25,1
0.2792,0.771,6.52,67.73,56.25,2,0.255,0
0.9411,0.5989,2.84,27.78,10.09,62,0.038,1
1.1794,0.3509,5.39,57.82,45.43,9,0.096,1
1.1239,0.3263,4.57,19.28,74.51,33,0.117,1
0.2078,0.6002,7.04,91.11,34.0,49,0.28,1
1.0651,0.6888,6.9,25.61,178.68,34,0.262,1
0.0702,0.6006,6.77,25.01,6.85,57,0.151,1
0.5957,0.3702,4.14,92.46,182.06,55,0.138,1
0.1508,0.0704,3.21,47.98,187.38,72,0.027,0
0.2669,0.5539,8.0,92.98,75.87,8,0.284,0
0.6346,0.2234,1.78,86.74,43.26,11,0.148,0
0.9442,0.1272,6.55,63.84,20.49,36,0.202,1
0.4399,0.1165,7.88,49.19,36.81,2,0.192,0
0.7758,0.6214,0.74,65.55,154.74,78,0.05,1
0.4437,0.3547,7.15,33.56,9.31,48,0.2,1
0.0286,0.4181,5.93,46.04,170.17,37,0.137,0
0.1772,0.1805,6.12,59.16,187.95,52,0.017,0
0.5862,0.0686,3.3,85.62,148.74,28,0.19,0
0.2675,0.7522,2.01,99.96,91.86,29,0.293,0
0.2212,0.3776,5.82,57.72,154.24,31,0.25,0
0.0102,0.5507,2.43,46.51,112.81,50,0.05,0
1.1527,0.1427,1.53,53.18,116.7,8,0.059,1
0.5132,0.0814,6.65,79.42,51.38,73,0.202,1
0.33,0.8484,3.56,7.06,183.04,14,0.291,0
1.0857,0.0728,6.15,19.17,28.54,10,0.164,1
0.7876,0.4664,1.37,25.89,131.97,76,0.207,1
0.4498,0.4745,4.69,44.73,118.85,33,0.175,0
0.3142,0.2205,3.25,53.34,135.8,10,0.213,0
0.0779,0.6173,2.09,34.15,184.1,57,0.148,0
0.7805,0.1704,7.69,79.0,47.35,56,0.036,1
1.1654,0.4929,3.51,15.13,149.7,48,0.223,1
0.9226,0.1235,2.17,23.06,53.94,5,0.158,1
1.0626,0.5582,5.35,48.02,91.37,43,0.177,1
0.5303,0.1661,4.11,3.73,135.52,21,0.124,0
0.1494,0.5701,2.69,55.92,41.6,32,0.214,0
0.9218,0.2778,2.42,82.51,120.62,76,0.023,1
1.0775,0.54,3.59,56.94,6.78,1,0.253,1
0.2166,0.1653,7.25,78.96,48.04,4,0.043,0
1.1222,0.8733,1.61,34.86,104.94,41,0.095,1
0.4063,0.8352,2.48,28.02,13.62,7,0.212,0
0.3229,0.7146,5.97,35.49,98.87,25,0.186,1
0.904,0.7567,3.67,30.92,4.31,40,0.241,1
0.9644,0.0938,4.9,20.75,141.84,60,0.239,1
0.7995,0.5129,1.54,20.89,116.92,14,0.254,1
0.5542,0.6782,4.26,53.14,67.04,8,0.019,1
0.3561,0.5794,5.68,62.24,180.46,27,0.296,0
1.1945,0.8097,1.48,8.08,93.12,44,0.25,1
0.9553,0.2856,2.87,72.68,12.08,78,0.101,1
0.3592,0.2993,2.27,19.18,126.26,32,0.144,0
0.6131,0.474,3.22,72.2,106.32,10,0.041,1
0.0934,0.3545,4.13,26.75,134.04,29,0.14,0
0.5079,0.6376,4.51,78.42,145.22,41,0.189,0
0.1349,0.4156,5.28,29.3,8.44,72,0.047,0
0.367,0.071,6.13,77.53,88.03,11,0.052,0
0.84,0.6471,6.02,5.12,182.05,18,0.164,1
0.9841,0.5473,3.55,25.49,77.99,55,0.215,1
0.4413,0.8031,3.94,56.09,19.25,50,0.147,1
0.3536,0.4241,5.87,73.93,26.8,25,0.275,0
0.5943,0.782,4.35,80.61,6.5,66,0.146,1
1.0269,0.2959,1.8,74.98,68.98,25,0.201,1
0.0771,0.0101,2.24,35.69,157.7,33,0.186,0
0.3992,0.7652,6.64,28.07,73.8,48,0.189,1
0.4793,0.2627,7.57,3.23,135.48,73,0.229,1
0.967,0.8917,5.96,75.97,162.79,33,0.156,1
0.3978,0.3989,2.8,25.5,142.94,8,0.11,0
1.0558,0.1338,7.54,74.94,135.71,7,0.24,1
1.0127,0.8815,7.6,48.08,92.9,28,0.222,1
0.1508,0.7991,7.27,4.51,74.64,79,0.03,1
0.8919,0.1866,3.97,41.38,160.68,49,0.1,1
0.5699,0.8107,6.0,32.53,174.92,74,0.275,1
0.7239,0.898,7.22,8.71,89.78,2,0.265,1
0.4412,0.3333,7.69,70.2,25.85,73,0.02,1
0.7131,0.3948,5.88,44.07,19.37,68,0.094,1
0.1308,0.7166,5.03,7.66,73.98,56,0.056,0
0.768,0.0785,3.63,34.07,198.33,66,0.222,1
0.6054,0.6049,1.57,95.75,199.99,72,0.271,1
0.2052,0.0256,5.37,88.14,23.45,73,0.115,0
0.0379,0.4571,7.24,90.24,191.04,66,0.144,0
0.1938,0.1999,1.65,44.95,7.05,18,0.185,0
0.5101,0.4668,4.01,11.05,2.13,44,0.272,1
0.2069,0.7067,4.54,24.74,164.56,30,0.185,0
0.7068,0.6515,6.12,71.78,142.4,35,0.252,1
0.515,0.4647,4.16,2.17,173.98,9,0.27,0
0.3907,0.1627,2.12,55.22,82.24,32,0.299,0
0.2809,0.7837,3.17,44.73,62.7,28,0.139,1
0.1581,0.2736,3.63,84.31,153.97,76,0.151,0
1.1343,0.4296,1.98,60.01,29.79,22,0.078,1
0.0928,0.0994,6.01,34.89,141.29,51,0.197,0
0.5637,0.7528,4.61,6.08,157.1,62,0.113,1
0.488,0.395,2.74,56.31,132.88,1,0.285,0
0.1829,0.3356,6.89,79.52,118.41,29,0.109,0
0.489,0.1723,1.37,89.96,160.3,4,0.189,0
0.9698,0.4023,2.56,53.1,4.95,71,0.164,1
0.5775,0.306,3.4,61.7,157.41,34,0.015,0
0.962,0.0698,6.58,63.58,3.39,43,0.094,1
0.4589,0.0774,2.07,74.2,28.98,40,0.076,0
0.0785,0.2448,6.0,72.57,182.16,19,0.17,0
1.1109,0.3963,1.95,75.31,171.86,50,0.132,1
0.7592,0.6409,1.85,14.38,61.04,11,0.026,1
0.8529,0.5708,1.34,17.88,37.0,78,0.114,1
1.13,0.1862,1.41,85.99,65.73,53,0.083,1
1.1939,0.6382,1.81,19.63,31.3,45,0.192,1
0.7897,0.4065,5.17,90.73,156.85,71,0.239,1
1.0588,0.5449,3.03,40.8,188.73,7,0.275,1
0.6774,0.1368,1.81,39.56,138.44,1,0.155,0
1.1271,0.7616,3.21,71.15,38.62,49,0.221,1
0.4965,0.8644,7.67,93.04,123.42,41,0.27,1
0.261,0.6011,5.11,2.42,116.4,42,0.102,1
0.9115,0.2434,5.08,17.53,171.68,63,0.286,1
0.5955,0.7475,0.85,43.95,17.44,54,0.273,1
0.708,0.3903,7.5,10.55,155.64,14,0.119,1
0.5281,0.7955,6.57,9.97,90.33,48,0.038,1
0.5977,0.6524,2.11,66.12,56.3,48,0.07,1
0.6372,0.6943,5.69,65.45,56.25,41,0.126,1
1.1405,0.4308,1.39,75.41,29.83,38,0.026,1
0.8911,0.1267,5.28,38.9,50.57,65,0.02,1
0.5787,0.0873,6.89,89.54,7.85,60,0.184,1
0.3563,0.7575,5.07,95.76,129.4,16,0.197,0
1.0076,0.2416,1.73,90.83,45.4,29,0.083,1
1.0887,0.5554,7.78,77.57,126.53,69,0.191,1
1.1617,0.1989,3.62,48.03,63.24,8,0.226,1
0.9893,0.8662,7.42,17.73,137.09,71,0.102,1
1.0684,0.8243,7.24,48.02,186.71,73,0.117,1
0.7114,0.1543,7.15,38.03,192.0,18,0.155,0
0.3463,0.3039,4.83,19.46,154.32,41,0.069,0
0.7591,0.5111,7.61,69.18,73.1,26,0.168,1
1.0365,0.6062,3.2,61.27,60.76,32,0.216,1
0.2595,0.0731,4.36,66.93,150.89,31,0.204,0
0.8242,0.8347,7.94,68.46,142.93,1,0.087,1
0.3438,0.8067,5.7,52.49,70.66,76,0.165,1
0.2251,0.5201,7.91,90.8,45.61,27,0.28,0
0.6235,0.2979,7.75,41.7,139.79,9,0.183,1
0.8402,0.3878,6.72,89.45,103.37,55,0.116,1
1.1928,0.8943,5.17,66.04,33.06,47,0.17,1
0.4372,0.8111,2.41,15.88,32.47,20,0.042,1
0.378,0.5147,1.22,50.66,93.2,2,0.221,0
0.2911,0.135,7.44,2.56,179.18,46,0.08,0
0.4712,0.3086,6.24,23.79,134.33,7,0.141,0
0.6087,0.832,5.03,19.73,14.83,11,0.234,1
0.1038,0.6815,1.06,78.34,89.93,20,0.06,0
0.524,0.839,1.3,52.33,185.75,76,0.023,1
0.7812,0.1494,5.19,7.72,101.87,43,0.024,1
0.6299,0.6758,1.93,41.63,46.56,27,0.136,1
1.0841,0.0132,2.17,41.04,40.48,12,0.165,1
0.3523,0.3343,2.36,66.82,66.71,5,0.126,0
0.1953,0.0727,4.57,99.08,184.07,13,0.121,0
0.8197,0.2352,1.24,92.64,112.98,58,0.095,1
0.5735,0.1358,4.13,14.45,137.46,24,0.178,0
1.1718,0.0503,5.86,80.49,23.46,42,0.08,1
0.3292,0.1618,6.72,41.85,165.67,21,0.294,0
0.5311,0.0132,1.19,73.16,173.08,20,0.201,0
0.9712,0.0918,2.16,16.99,174.95,11,0.264,1
1.1957,0.2933,7.32,79.03,173.16,76,0.138,1
1.0088,0.4845,2.83,22.01,145.76,17,0.118,1
0.6175,0.5334,2.17,29.19,101.07,65,0.016,1
0.0619,0.2709,1.39,63.58,89.73,48,0.16,0
0.3063,0.8338,4.33,38.77,58.79,52,0.251,1
0.3916,0.6167,5.97,86.49,142.14,59,0.114,1
0.9081,0.6627,2.06,24.91,157.09,33,0.194,1
0.0824,0.3309,0.74,96.27,105.43,40,0.243,0
0.2829,0.3099,1.31,79.97,147.68,63,0.04,0
0.0614,0.1267,3.04,43.17,191.61,37,0.132,0
0.3837,0.877,1.88,17.46,56.91,32,0.106,1
0.5184,0.1811,6.3,38.72,24.75,35,0.137,0
0.483,0.5398,2.41,3.98,78.62,49,0.237,1
0.3921,0.1228,0.76,72.22,42.16,75,0.206,0
0.7371,0.2715,2.0,85.82,181.94,30,0.147,0
0.1543,0.5187,4.37,85.34,18.91,59,0.045,0
0.2632,0.2871,3.62,37.59,180.56,15,0.106,0
0.5126,0.3068,2.3,64.1,104.42,71,0.245,1
0.3303,0.7008,4.09,98.73,11.82,49,0.144,1
0.723,0.4279,7.67,17.66,191.28,34,0.23,1
0.9001,0.8456,7.08,32.45,174.37,1,0.03,1
0.0157,0.3752,3.92,92.07,70.22,48,0.295,0
0.2114,0.4644,4.2,38.44,172.38,27,0.074,0
0.7263,0.5077,2.55,76.62,124.01,48,0.255,1
0.4456,0.886,5.31,15.48,135.13,15,0.108,0
0.4394,0.3678,1.71,66.92,133.29,58,0.115,0
0.3175,0.1634,5.78,18.13,183.45,8,0.018,0
0.822,0.6114,4.23,48.29,40.31,23,0.03,1
0.2177,0.1757,6.58,51.17,140.73,22,0.201,0
0.6457,0.6477,6.0,12.9,55.47,39,0.207,1
0.66,0.5589,6.35,58.0,45.22,57,0.225,1
1.0248,0.4493,4.62,18.09,12.82,14,0.033,1
0.7534,0.5368,5.67,52.19,30.37,9,0.061,1
0.0287,0.8023,3.8,83.36,138.01,69,0.079,0
0.2271,0.2895,5.26,61.12,27.21,48,0.029,0
0.1538,0.1521,2.69,29.32,184.1,12,0.262,0
1.1879,0.4018,6.47,29.53,185.37,8,0.222,1
1.1108,0.5014,5.09,86.47,29.56,70,0.145,1
0.9454,0.4158,1.98,95.72,56.95,66,0.082,1
0.2766,0.2034,7.66,38.08,102.46,65,0.151,0
0.7528,0.6917,6.48,71.37,80.84,21,0.111,1
0.4932,0.4769,1.66,92.02,94.9,65,0.071,0
1.1372,0.5918,2.37,57.97,180.26,34,0.09,1
0.4585,0.525,2.13,44.86,1.38,39,0.084,1
0.9985,0.5014,5.01,63.35,25.96,22,0.095,1
0.817,0.7355,3.78,67.99,190.61,25,0.256,1
0.1958,0.1633,7.23,33.14,129.23,56,0.123,0
0.6972,0.1791,4.06,54.7,88.49,65,0.151,1
0.128,0.8825,7.04,45.54,178.02,73,0.04,0
1.1832,0.5711,4.96,94.07,35.22,45,0.118,1
0.5811,0.0681,5.33,69.74,31.52,71,0.246,1
0.6913,0.8089,1.98,22.17,51.88,12,0.086,1
0.227,0.0102,7.38,23.87,49.29,53,0.043,0
0.4018,0.1062,5.73,78.47,199.16,27,0.112,0
0.3829,0.3555,5.39,54.28,45.53,54,0.031,1
0.5344,0.399,6.26,83.42,95.72,23,0.25,0
1.0877,0.7406,2.08,6.81,43.93,74,0.272,1
0.1509,0.6196,7.24,44.23,2.77,34,0.192,0
0.7621,0.7603,4.02,14.84,60.74,27,0.051,1
0.3626,0.3499,5.9,52.95,47.07,9,0.047,0
0.8077,0.2654,6.43,31.96,109.62,21,0.044,1
1.1242,0.0324,5.93,38.13,36.76,51,0.195,1
0.8906,0.8067,1.38,47.47,97.94,57,0.121,1
1.1629,0.2964,5.35,83.59,79.24,72,0.091,1
0.1403,0.0476,3.87,87.65,41.4,57,0.123,0
0.7279,0.1625,1.62,28.73,167.76,16,0.173,0
0.5053,0.0401,3.83,91.73,61.25,76,0.138,0
0.9623,0.3705,4.3,82.15,162.31,47,0.047,1
0.5733,0.0241,1.63,23.8,17.22,12,0.17,0
0.3546,0.8723,3.81,59.43,63.24,7,0.173,1
1.172,0.4934,5.42,31.92,12.62,15,0.039,1
0.7093,0.6517,2.58,50.7,38.14,56,0.016,1
0.5531,0.2996,4.63,64.57,102.32,13,0.242,0
0.1468,0.4628,4.28,72.51,75.4,53,0.275,0
0.6205,0.5396,4.99,25.62,87.41,60,0.085,1
0.2528,0.8978,5.36,81.35,112.05,11,0.085,0
0.8472,0.3307,5.67,93.1,80.44,23,0.217,1
0.1343,0.4333,5.37,69.36,9.58,25,0.288,0
0.4766,0.6198,1.97,67.32,112.79,37,0.127,0
0.2336,0.855,7.74,78.19,198.52,60,0.021,0
0.1071,0.6179,1.07,56.73,35.32,47,0.265,0
0.5756,0.2881,3.26,80.29,168.71,70,0.204,1
0.2127,0.1485,4.76,22.78,67.98,14,0.162,0
1.1753,0.7329,7.78,30.28,17.35,27,0.124,1
0.0244,0.3976,3.35,3.24,172.44,49,0.238,0
0.4898,0.224,4.95,47.28,84.48,65,0.036,1
0.5436,0.1995,0.94,58.24,7.34,16,0.232,0
0.7081,0.7971,4.14,16.35,80.32,70,0.144,1
0.4214,0.1531,1.17,98.41,157.41,43,0.184,0
0.6844,0.3002,7.46,38.37,21.32,43,0.084,1
0.8949,0.8494,2.45,28.86,86.58,68,0.139,1
0.3881,0.1077,5.15,81.28,50.4,17,0.071,0
0.2588,0.604,1.91,34.66,145.8,62,0.24,0
1.1664,0.1653,1.07,46.35,4.55,62,0.226,1
0.61,0.0867,2.24,15.55,10.96,53,0.079,0
0.4801,0.5846,4.29,33.66,121.76,56,0.069,1
0.4094,0.0207,1.2,7.43,85.15,63,0.212,0
0.7072,0.5266,0.59,39.59,53.07,80,0.288,1
0.6046,0.479,1.28,11.6,132.06,64,0.222,1
0.1478,0.5432,7.03,98.69,151.94,6,0.186,0
0.5113,0.5406,5.51,2.27,95.44,32,0.112,1
0.7581,0.547,0.89,32.08,47.74,73,0.126,1
1.0656,0.7211,5.45,44.18,176.67,75,0.291,1
0.7648,0.4847,5.79,94.8,3.77,42,0.216,1
0.8444,0.691,2.33,91.22,33.78,34,0.079,1
0.8487,0.4806,5.04,33.9,117.76,13,0.082,1
0.6241,0.3533,3.1,80.73,35.82,72,0.289,1
0.6382,0.7185,0.89,13.97,167.83,1,0.125,1
0.6619,0.8359,0.98,34.29,32.0,18,0.28,1
1.055,0.7694,3.95,75.59,97.95,16,0.073,1
1.1281,0.7312,2.22,2.1,173.6,34,0.038,1
0.7641,0.7509,7.89,34.12,166.95,24,0.101,1
0.8234,0.6191,6.87,57.55,55.85,33,0.185,1
0.4527,0.1453,5.71,3.99,174.75,26,0.236,0
0.9219,0.2826,1.24,29.62,154.55,60,0.244,1
0.1205,0.3678,1.85,22.32,186.61,1,0.036,0
0.8046,0.0843,2.35,67.03,174.84,53,0.192,1
0.2493,0.5331,3.77,35.99,91.31,47,0.213,0
0.1614,0.3527,2.7,29.65,148.1,28,0.137,0
1.0519,0.7179,2.78,63.01,18.83,16,0.14,1
0.6845,0.7776,2.42,27.35,21.52,65,0.213,1
0.2371,0.0155,7.1,83.91,192.89,44,0.119,0
0.157,0.5765,6.05,92.48,132.35,40,0.129,0
0.9982,0.2661,7.03,77.93,118.31,79,0.29,1
0.1753,0.8298,5.3,87.5,83.26,4,0.09,0
1.0528,0.7879,3.7,3.98,199.12,26,0.212,1
0.822,0.0925,5.28,99.25,62.72,26,0.13,0
1.1347,0.5736,3.24,12.53,14.7,67,0.043,1
0.9017,0.6865,7.52,66.79,114.51,22,0.08,1
1.1887,0.3033,3.39,99.95,146.53,5,0.294,1
0.6801,0.1942,0.9,17.6,69.82,11,0.268,0
0.5355,0.4884,4.5,6.17,14.17,27,0.21,1
0.4626,0.828,6.65,31.59,14.32,71,0.104,1
0.1038,0.2992,6.96,41.5,145.65,48,0.139,0
0.2872,0.1755,1.86,81.93,91.21,45,0.23,0
0.976,0.6887,0.99,31.76,73.16,36,0.164,1
0.7701,0.0991,3.01,24.6,168.78,2,0.013,0
0.7626,0.3409,4.24,58.13,44.86,27,0.22,1
0.4265,0.6869,4.8,81.91,197.14,49,0.034,1
0.9052,0.5344,5.69,63.78,129.84,64,0.07,1
0.943,0.4998,6.17,49.95,8.28,28,0.105,1
0.3576,0.6226,1.53,76.29,160.53,80,0.204,0
0.2551,0.4863,4.98,73.42,40.35,40,0.125,0
1.0993,0.1819,1.6,42.57,57.8,48,0.228,1
0.1858,0.0958,2.39,52.47,54.74,59,0.282,0
0.8378,0.5094,2.41,95.06,191.34,2,0.074,1
0.283,0.7037,6.48,27.77,69.1,40,0.092,0
0.1734,0.3351,5.28,35.54,102.12,55,0.083,0
0.6982,0.4071,2.79,53.54,155.05,6,0.11,1
0.6785,0.4332,2.97,15.14,177.22,78,0.21,1
0.2903,0.2305,2.35,21.31,105.17,17,0.165,0
0.603,0.6021,1.94,63.39,85.62,61,0.064,1
0.8561,0.0467,2.56,13.54,30.63,68,0.268,1
0.6251,0.1423,3.32,31.73,116.95,43,0.146,0
1.1193,0.3108,3.48,95.84,69.43,63,0.268,1
1.1301,0.1145,6.87,77.87,150.12,77,0.232,1
0.411,0.1432,1.93,56.75,128.82,47,0.209,0
0.0616,0.8408,3.38,80.71,94.84,44,0.097,0
0.6587,0.0324,4.17,9.76,171.98,75,0.133,1
1.1485,0.0834,5.78,73.3,121.58,3,0.163,1
0.591,0.8476,5.45,26.81,183.3,53,0.278,1
0.1727,0.8954,6.05,22.57,30.15,75,0.088,1
0.5892,0.3321,7.23,44.61,139.78,65,0.299,1
1.011,0.6612,0.82,70.15,99.1,63,0.061,1
0.9353,0.3695,7.07,51.35,186.3,36,0.087,1
0.7805,0.5172,7.18,52.12,103.01,67,0.072,1
0.0297,0.3024,2.85,14.15,84.21,5,0.037,0
0.791,0.7893,2.08,41.98,150.36,27,0.052,1
0.8208,0.4227,4.03,6.16,111.56,27,0.243,1
0.2601,0.1049,5.93,75.05,129.97,67,0.178,0
0.1865,0.6188,0.86,28.36,2.43,74,0.229,0
0.5168,0.385,3.74,56.98,72.98,51,0.053,1
0.3209,0.2748,5.07,45.18,65.35,15,0.125,0
0.4467,0.2229,0.62,87.63,187.86,37,0.262,0
0.8115,0.8197,7.31,25.05,134.18,58,0.084,1
0.5689,0.3548,2.25,80.23,172.84,47,0.043,0
0.7166,0.8868,5.86,47.0,29.88,8,0.133,1
0.5396,0.5262,6.41,93.79,153.19,17,0.039,1
0.7104,0.3846,2.37,93.01,146.32,16,0.18,0
1.0731,0.0904,5.09,84.82,145.88,67,0.106,1
1.134,0.8571,2.96,61.39,23.05,53,0.281,1
1.0132,0.4087,2.92,22.12,172.87,69,0.189,1
1.0819,0.4686,2.41,59.42,55.85,20,0.095,1
0.7337,0.5328,3.83,87.89,145.31,23,0.125,1
0.914,0.3694,4.06,40.85,155.07,7,0.133,1
1.1736,0.4776,5.61,39.37,55.04,18,0.047,1
1.0971,0.8987,6.64,52.26,119.85,18,0.061,1
0.6566,0.0121,5.83,44.45,14.72,34,0.037,1
0.1398,0.2742,4.25,60.63,197.16,36,0.238,0
0.0748,0.6731,4.74,66.5,114.96,3,0.058,0
0.3171,0.4802,6.67,59.4,86.51,31,0.152,0
0.5507,0.7652,2.79,99.13,153.64,51,0.199,1
0.4341,0.8011,2.73,11.88,40.58,78,0.196,1
0.3342,0.0872,7.89,6.25,122.87,45,0.177,0
0.7886,0.3123,2.52,63.29,173.25,67,0.158,1
0.1419,0.1649,2.31,52.35,95.8,71,0.286,0
0.5091,0.5264,1.74,38.49,18.14,41,0.253,1
0.2285,0.2809,6.65,86.98,193.13,65,0.209,0
0.9549,0.3736,1.66,66.58,64.52,18,0.14,1
0.3706,0.1306,2.93,25.53,74.6,12,0.163,0
0.7312,0.4166,6.1,11.28,150.5,71,0.238,1
0.3139,0.0967,7.06,33.56,82.09,69,0.038,0
0.2243,0.844,3.66,94.85,52.74,8,0.052,0
0.4522,0.3155,1.65,83.52,92.67,6,0.109,0
0.3922,0.4668,6.09,88.51,71.3,68,0.127,1
0.6708,0.3326,2.55,88.73,160.38,40,0.192,0
0.8356,0.5946,3.73,5.94,185.49,37,0.171,1
0.6732,0.0901,7.4,12.08,28.61,57,0.196,1
0.97,0.6264,7.48,7.07,3.12,31,0.229,1
1.0573,0.1428,6.89,86.09,152.07,74,0.125,1
0.5799,0.2573,7.7,78.7,136.4,39,0.172,1
0.0515,0.3982,1.45,63.1,26.71,77,0.243,0
0.6397,0.8646,0.55,89.93,143.11,63,0.17,1
0.5789,0.7471,3.48,57.55,6.47,64,0.023,1
0.1565,0.0779,4.77,33.55,52.96,58,0.198,0
1.0155,0.8393,4.85,53.97,108.34,63,0.293,1
1.1478,0.6568,6.69,9.38,25.61,45,0.217,1
0.8027,0.1956,2.29,25.55,68.92,52,0.089,1
0.0772,0.48,2.75,68.03,112.65,77,0.221,0
0.761,0.1612,3.91,85.98,80.85,13,0.145,0
0.7433,0.1756,6.95,88.14,170.86,63,0.262,1
0.7373,0.546,2.97,59.03,183.09,50,0.183,1
0.1437,0.761,3.04,91.04,66.52,40,0.051,0
1.0187,0.7752,3.96,98.34,63.44,29,0.282,1
0.1336,0.3422,7.99,54.42,191.43,33,0.165,0
0.8385,0.5804,1.05,56.47,142.27,49,0.264,1
0.3155,0.7407,0.64,42.81,188.88,33,0.015,0
0.6666,0.4809,3.94,60.24,68.32,69,0.212,1
0.4246,0.1378,1.08,99.78,160.14,59,0.14,0
0.8614,0.73,7.52,35.33,164.11,61,0.204,1
1.0131,0.3739,4.69,85.18,40.63,4,0.167,1
0.9596,0.746,3.08,42.01,169.49,38,0.134,1
0.0135,0.0922,5.85,14.92,51.84,76,0.26,0
0.0162,0.6813,4.99,37.72,4.69,56,0.086,0
0.2976,0.1042,3.88,93.34,128.25,30,0.041,0
1.1834,0.2987,2.87,48.57,33.3,52,0.147,1
0.1974,0.3486,3.86,54.46,136.22,13,0.141,0
0.898,0.6061,3.28,14.57,122.76,53,0.147,1
0.5723,0.6203,5.07,43.49,38.03,60,0.093,1
1.0779,0.1522,3.29,60.42,163.15,31,0.082,1
0.8315,0.8993,3.44,94.0,87.88,19,0.069,1
0.0876,0.2825,4.07,74.99,126.48,60,0.01,0
0.0949,0.0426,3.74,4.65,105.67,17,0.069,0
1.1523,0.3284,5.15,55.1,53.34,1,0.283,1
1.1474,0.6724,6.84,7.68,133.54,2,0.187,1
0.9374,0.3576,4.43,43.27,88.24,3,0.276,1
0.8855,0.6331,1.56,5.46,166.35,60,0.101,1
0.6431,0.0276,3.05,36.19,14.45,10,0.272,1
0.9795,0.0138,3.63,12.94,145.44,12,0.24,1
0.1205,0.7597,6.72,52.58,47.69,29,0.045,0
0.3967,0.0117,7.87,42.67,154.46,73,0.178,0
1.1132,0.8674,1.12,75.56,46.03,42,0.299,1
0.4758,0.7756,3.09,67.2,100.57,64,0.068,1
0.251,0.8829,2.05,46.14,187.32,30,0.1,0
1.0194,0.6661,4.8,42.0,113.83,10,0.036,1
0.5887,0.7789,1.16,69.99,7.38,5,0.219,1
0.9927,0.5611,2.21,57.33,79.55,35,0.11,1
0.5541,0.8988,3.86,96.32,93.81,39,0.073,1
0.2806,0.2784,7.29,67.13,116.4,71,0.116,1
0.953,0.1228,1.34,23.78,131.95,17,0.255,1
0.2016,0.1527,4.57,37.83,164.03,62,0.011,0
0.3958,0.3789,3.2,33.76,4.81,40,0.224,1
0.5965,0.0125,2.25,90.26,91.99,27,0.251,0
1.1321,0.4136,7.91,2.51,37.66,70,0.205,1
0.7579,0.562,3.33,8.75,4.21,74,0.261,1
0.9255,0.1629,3.1,21.63,172.13,49,0.091,1
0.2448,0.3706,1.37,42.81,51.36,53,0.039,0
0.1718,0.2574,5.3,64.44,105.41,27,0.153,0
1.1438,0.1941,1.89,40.29,94.33,41,0.2,1
0.714,0.4815,0.7,11.21,113.63,77,0.229,1
0.135,0.3392,7.51,43.27,192.76,48,0.284,0
0.6529,0.7573,7.91,77.42,108.19,6,0.291,1
0.9144,0.2026,4.76,45.07,47.02,61,0.074,1
0.518,0.6389,5.94,98.99,199.78,34,0.216,0
1.0378,0.6295,0.82,50.76,100.6,61,0.058,1
0.5924,0.0767,7.11,45.06,194.1,62,0.155,0
0.6408,0.3558,1.5,3.8,112.32,47,0.092,1
0.8936,0.449,6.47,2.51,27.4,27,0.273,1
0.2776,0.3044,1.48,57.29,117.22,67,0.289,0
0.9956,0.3076,0.77,95.85,107.34,75,0.174,1
1.0811,0.2844,3.62,50.02,75.81,65,0.117,1
0.275,0.2511,4.15,98.12,24.0,27,0.146,0
1.0403,0.8916,4.29,69.62,51.89,10,0.044,1
0.9789,0.4298,7.19,48.84,52.3,20,0.275,1
0.1604,0.749,5.74,21.74,99.97,78,0.054,0
0.1383,0.2445,7.41,72.91,102.28,79,0.092,0
0.1365,0.2693,6.9,26.52,127.68,31,0.197,0
1.145,0.129,0.57,22.53,157.63,45,0.1,1
1.002,0.8457,7.42,98.52,14.72,50,0.084,1
1.0495,0.1109,2.35,97.42,44.1,58,0.058,1
0.3837,0.2982,3.34,19.79,31.49,52,0.013,0
0.9031,0.387,7.44,23.89,175.62,30,0.078,1
0.395,0.5908,6.29,96.56,104.66,13,0.218,0
0.6519,0.0972,4.85,45.71,66.16,42,0.21,1
0.1532,0.1045,0.89,27.82,127.68,7,0.291,0
0.9524,0.6883,4.05,99.58,120.2,16,0.072,1
0.8339,0.0142,1.51,77.29,138.36,2,0.032,0
0.2592,0.8262,1.2,34.96,48.57,78,0.25,1
0.2259,0.184,3.66,51.69,8.32,13,0.075,0
0.1371,0.2333,6.47,55.56,72.02,5,0.178,0
0.294,0.5133,6.92,38.11,87.47,74,0.12,0
0.0724,0.7582,4.87,3.23,30.93,65,0.086,0
0.6452,0.4536,6.99,91.37,19.45,15,0.084,1
0.2758,0.6909,4.25,36.84,51.47,39,0.272,1
1.1264,0.2307,1.03,63.9,5.93,39,0.108,1
0.2006,0.3348,6.4,68.71,117.48,14,0.044,0
0.6242,0.7739,2.77,65.35,98.31,63,0.171,1
0.6259,0.2604,3.98,93.81,98.06,1,0.103,0
1.1527,0.0869,0.65,55.64,72.16,32,0.231,1
0.8439,0.5411,5.39,51.04,8.12,58,0.161,1
0.0314,0.1406,3.09,68.5,18.74,22,0.066,0
1.0965,0.8666,7.8,28.33,192.11,53,0.109,1
0.1812,0.7804,5.78,2.73,13.66,72,0.255,1
1.1292,0.5514,2.96,75.81,182.8,60,0.216,1
1.0764,0.7664,2.12,15.96,21.97,75,0.167,1
0.1067,0.6366,1.8,98.44,108.31,19,0.153,0
0.3985,0.5994,5.82,47.09,55.84,54,0.099,1
0.3627,0.3334,3.34,76.73,96.22,8,0.087,0
0.9285,0.282,1.14,49.65,174.04,42,0.024,1
0.584,0.6016,4.41,19.93,139.4,17,0.202,0
0.3583,0.1122,6.63,83.83,93.57,17,0.121,0
0.4283,0.0451,7.97,90.97,131.11,21,0.152,0
0.2982,0.4004,1.35,17.52,196.86,35,0.096,0
1.0159,0.2085,0.59,38.2,111.45,74,0.209,1
0.5929,0.4953,7.1,8.84,72.21,19,0.165,1
0.2754,0.6065,3.06,93.87,180.48,44,0.09,0
0.6222,0.1029,3.19,9.31,100.82,60,0.231,0
1.1185,0.0569,6.84,85.88,14.7,28,0.123,1
0.5161,0.5516,4.45,87.05,179.15,42,0.071,0
0.8771,0.5273,4.19,20.47,144.31,65,0.147,1